obstacle_num, first_policy_eval_time, camera_time_av, policy_time_av, step_time_av, total_time_step_average
3.295800000000000000e+04,2.756044006347656250e+01,3.087927130619106952e-01,1.997273407152608260e-01,2.420471475680616505e-02,5.327247685339776551e-01
