obstacle_num, first_policy_eval_time, camera_time_av, policy_time_av, step_time_av, total_time_step_average
6.000000000000000000e+01,2.255386281013488770e+01,3.826659156216515728e-02,8.463487058058154211e-03,7.220135794745551191e-04,4.745209219969786368e-02
