obstacle_num, first_policy_eval_time, camera_time_av, policy_time_av, step_time_av, total_time_step_average
4.450000000000000000e+02,3.593675422668457031e+01,3.116119305292765207e-02,2.111416997164943313e-02,1.659692857000562901e-03,5.393505588157764680e-02
