obstacle_num, first_policy_eval_time, camera_time_av, policy_time_av, step_time_av, total_time_step_average
1.090000000000000000e+02,2.492060446739196777e+01,1.581986473666296966e-02,1.093412068328051927e-02,1.132199698024325806e-03,2.788618511796781690e-02
