obstacle_num, first_policy_eval_time, camera_time_av, policy_time_av, step_time_av, total_time_step_average
7.000000000000000000e+02,2.504924011230468750e+01,2.312109106116824742e-02,1.384615447660988291e-02,1.390449073579576224e-03,3.835769461135770525e-02
