obstacle_num, first_policy_eval_time, camera_time_av, policy_time_av, step_time_av, total_time_step_average
6.690000000000000000e+02,3.114240956306457520e+01,2.758942200587346030e-02,1.890468597412109375e-02,2.349385848412146802e-03,4.884349382840669912e-02
