obstacle_num, first_policy_eval_time, camera_time_av, policy_time_av, step_time_av, total_time_step_average
3.150000000000000000e+02,2.489637780189514160e+01,1.689665781127082031e-02,1.327046237743109529e-02,1.873923871252271929e-03,3.204104405995418514e-02
