obstacle_num, first_policy_eval_time, camera_time_av, policy_time_av, step_time_av, total_time_step_average
3.150000000000000000e+02,2.587087821960449219e+01,8.308742940425872803e-02,1.375761665414193882e-02,1.434513926506042567e-03,9.827955998490670031e-02
