obstacle_num, first_policy_eval_time, camera_time_av, policy_time_av, step_time_av, total_time_step_average
7.000000000000000000e+02,3.685754752159118652e+01,3.440565400653415595e-02,2.113655489507551208e-02,2.097093661626180019e-03,5.763930256323585022e-02
