obstacle_num, first_policy_eval_time, camera_time_av, policy_time_av, step_time_av, total_time_step_average
4.450000000000000000e+02,2.547553205490112305e+01,1.976201419747031923e-02,1.536299741597848927e-02,1.328226086701194677e-03,3.645323770015000686e-02
