obstacle_num, first_policy_eval_time, camera_time_av, policy_time_av, step_time_av, total_time_step_average
7.000000000000000000e+02,3.829848265647888184e+01,3.598480065663655497e-02,1.998308078863464399e-02,2.099968327416313913e-03,5.806784977268751591e-02
