obstacle_num, first_policy_eval_time, camera_time_av, policy_time_av, step_time_av, total_time_step_average
7.110000000000000000e+02,2.473971033096313477e+01,5.083364888180869762e-02,1.534640084417363860e-02,1.401523629201191804e-03,6.758157335518352737e-02
